{
  "unversionedId": "tutorial-basics/create-a-blog-post",
  "id": "tutorial-basics/create-a-blog-post",
  "title": "3x3 mreža",
  "description": "Za lažje premikanje miške po zaslona pa bi uporabili mrežo, ki jo bomo prikazali s pomočjo knjižnice PyQt. S tej knjižnici ustvarimo okno in prikažemo mrežo, ki si jo bomo ogledali v podpoglavju Implementacija 3x3 mreže.",
  "source": "@site/docs/tutorial-basics/create-a-blog-post.md",
  "sourceDirName": "tutorial-basics",
  "slug": "/tutorial-basics/create-a-blog-post",
  "permalink": "/docs/tutorial-basics/create-a-blog-post",
  "draft": false,
  "tags": [],
  "version": "current",
  "sidebarPosition": 3,
  "frontMatter": {
    "sidebar_position": 3
  },
  "sidebar": "tutorialSidebar",
  "previous": {
    "title": "Pritisk tipk miške",
    "permalink": "/docs/tutorial-basics/create-a-document"
  },
  "next": {
    "title": "Injekcije tipk tipkovnice",
    "permalink": "/docs/tutorial-basics/markdown-features"
  }
}