{
  "unversionedId": "tutorial-extras/translate-your-site",
  "id": "tutorial-extras/translate-your-site",
  "title": "Napredni ukazi",
  "description": "PLACEHOLDER",
  "source": "@site/docs/tutorial-extras/translate-your-site.md",
  "sourceDirName": "tutorial-extras",
  "slug": "/tutorial-extras/translate-your-site",
  "permalink": "/docs/tutorial-extras/translate-your-site",
  "draft": false,
  "tags": [],
  "version": "current",
  "sidebarPosition": 2,
  "frontMatter": {
    "sidebar_position": 2
  },
  "sidebar": "tutorialSidebar",
  "previous": {
    "title": "Osnovni ukazi",
    "permalink": "/docs/tutorial-extras/manage-docs-versions"
  }
}