{
  "unversionedId": "multithreading",
  "id": "multithreading",
  "title": "Multithreading",
  "description": "GUGOL je večnitna aplikacija in ima več procesov, ki morajo med",
  "source": "@site/docs/multithreading.md",
  "sourceDirName": ".",
  "slug": "/multithreading",
  "permalink": "/docs/multithreading",
  "draft": false,
  "tags": [],
  "version": "current",
  "sidebarPosition": 4,
  "frontMatter": {
    "sidebar_position": 4
  },
  "sidebar": "tutorialSidebar",
  "previous": {
    "title": "Uporabniški vmesnik",
    "permalink": "/docs/tutorial-basics/congratulations"
  },
  "next": {
    "title": "Ukazi GUGOL-a",
    "permalink": "/docs/category/ukazi-gugol-a"
  }
}