{
  "unversionedId": "razvoj",
  "id": "razvoj",
  "title": "Razvoj",
  "description": "Za vzpostavitev razvojnega okolja smo uporabili orodje Anaconda//docs.anaconda.com/anaconda/install/index.html.",
  "source": "@site/docs/razvoj.md",
  "sourceDirName": ".",
  "slug": "/razvoj",
  "permalink": "/docs/razvoj",
  "draft": false,
  "tags": [],
  "version": "current",
  "sidebarPosition": 2,
  "frontMatter": {
    "sidebar_position": 2
  },
  "sidebar": "tutorialSidebar",
  "previous": {
    "title": "Uvod",
    "permalink": "/docs/intro"
  },
  "next": {
    "title": "Upravljanje z miško/tipkovnico",
    "permalink": "/docs/category/upravljanje-z-miškotipkovnico"
  }
}