{
  "unversionedId": "tutorial-basics/create-a-document",
  "id": "tutorial-basics/create-a-document",
  "title": "Pritisk tipk miške",
  "description": "Enako kot pri poglavju Premik miške smo tudi pri pritisku tikp miške uporabili knjižnico Pynput. Spodaj imamo primere za:",
  "source": "@site/docs/tutorial-basics/create-a-document.md",
  "sourceDirName": "tutorial-basics",
  "slug": "/tutorial-basics/create-a-document",
  "permalink": "/docs/tutorial-basics/create-a-document",
  "draft": false,
  "tags": [],
  "version": "current",
  "sidebarPosition": 2,
  "frontMatter": {
    "sidebar_position": 2
  },
  "sidebar": "tutorialSidebar",
  "previous": {
    "title": "Premik miške",
    "permalink": "/docs/tutorial-basics/create-a-page"
  },
  "next": {
    "title": "3x3 mreža",
    "permalink": "/docs/tutorial-basics/create-a-blog-post"
  }
}