{
  "unversionedId": "tutorial-basics/create-a-page",
  "id": "tutorial-basics/create-a-page",
  "title": "Premik miške",
  "description": "Za implementacijo premikov miške smo uporabili knjižnico Pynput. Spodaj so prikazani primeri za:",
  "source": "@site/docs/tutorial-basics/create-a-page.md",
  "sourceDirName": "tutorial-basics",
  "slug": "/tutorial-basics/create-a-page",
  "permalink": "/docs/tutorial-basics/create-a-page",
  "draft": false,
  "tags": [],
  "version": "current",
  "sidebarPosition": 1,
  "frontMatter": {
    "sidebar_position": 1
  },
  "sidebar": "tutorialSidebar",
  "previous": {
    "title": "Upravljanje z miško/tipkovnico",
    "permalink": "/docs/category/upravljanje-z-miškotipkovnico"
  },
  "next": {
    "title": "Pritisk tipk miške",
    "permalink": "/docs/tutorial-basics/create-a-document"
  }
}