{
  "unversionedId": "tutorial-extras/manage-docs-versions",
  "id": "tutorial-extras/manage-docs-versions",
  "title": "Osnovni ukazi",
  "description": "GUGOL podpira precej ukazom za katere ves čas posluša.",
  "source": "@site/docs/tutorial-extras/manage-docs-versions.md",
  "sourceDirName": "tutorial-extras",
  "slug": "/tutorial-extras/manage-docs-versions",
  "permalink": "/docs/tutorial-extras/manage-docs-versions",
  "draft": false,
  "tags": [],
  "version": "current",
  "sidebarPosition": 1,
  "frontMatter": {
    "sidebar_position": 1
  },
  "sidebar": "tutorialSidebar",
  "previous": {
    "title": "Ukazi GUGOL-a",
    "permalink": "/docs/category/ukazi-gugol-a"
  },
  "next": {
    "title": "Napredni ukazi",
    "permalink": "/docs/tutorial-extras/translate-your-site"
  }
}