{
  "unversionedId": "tutorial-basics/congratulations",
  "id": "tutorial-basics/congratulations",
  "title": "Uporabniški vmesnik",
  "description": "Uporabniški vmesnik je za projekt precej enostaven saj zahteva, da uporabniku ni v napoti.",
  "source": "@site/docs/tutorial-basics/congratulations.md",
  "sourceDirName": "tutorial-basics",
  "slug": "/tutorial-basics/congratulations",
  "permalink": "/docs/tutorial-basics/congratulations",
  "draft": false,
  "tags": [],
  "version": "current",
  "sidebarPosition": 6,
  "frontMatter": {
    "sidebar_position": 6
  },
  "sidebar": "tutorialSidebar",
  "previous": {
    "title": "Prepoznavanje glasu",
    "permalink": "/docs/tutorial-basics/deploy-your-site"
  },
  "next": {
    "title": "Multithreading",
    "permalink": "/docs/multithreading"
  }
}