{
  "unversionedId": "tutorial-basics/deploy-your-site",
  "id": "tutorial-basics/deploy-your-site",
  "title": "Prepoznavanje glasu",
  "description": "PLACEHOLDER",
  "source": "@site/docs/tutorial-basics/deploy-your-site.md",
  "sourceDirName": "tutorial-basics",
  "slug": "/tutorial-basics/deploy-your-site",
  "permalink": "/docs/tutorial-basics/deploy-your-site",
  "draft": false,
  "tags": [],
  "version": "current",
  "sidebarPosition": 5,
  "frontMatter": {
    "sidebar_position": 5
  },
  "sidebar": "tutorialSidebar",
  "previous": {
    "title": "Injekcije tipk tipkovnice",
    "permalink": "/docs/tutorial-basics/markdown-features"
  },
  "next": {
    "title": "Uporabniški vmesnik",
    "permalink": "/docs/tutorial-basics/congratulations"
  }
}