{
  "unversionedId": "tutorial-basics/markdown-features",
  "id": "tutorial-basics/markdown-features",
  "title": "Injekcije tipk tipkovnice",
  "description": "Za injekcijo tipk tipkovnice smo uporabili knjižnico Pynput. S pomočjo pynput.keyboard.Controller smo simuliranje pritiske tipk na tipkovnici ter z pynput.keyboard.Listener smo te pritiske lahko tudi nadzorovali. Primeri teh dveh imamo prikazane spodaj.",
  "source": "@site/docs/tutorial-basics/markdown-features.md",
  "sourceDirName": "tutorial-basics",
  "slug": "/tutorial-basics/markdown-features",
  "permalink": "/docs/tutorial-basics/markdown-features",
  "draft": false,
  "tags": [],
  "version": "current",
  "sidebarPosition": 4,
  "frontMatter": {
    "sidebar_position": 4
  },
  "sidebar": "tutorialSidebar",
  "previous": {
    "title": "3x3 mreža",
    "permalink": "/docs/tutorial-basics/create-a-blog-post"
  },
  "next": {
    "title": "Prepoznavanje glasu",
    "permalink": "/docs/tutorial-basics/deploy-your-site"
  }
}