{
  "pluginId": "default",
  "version": "current",
  "label": "Next",
  "banner": null,
  "badge": false,
  "noIndex": false,
  "className": "docs-version-current",
  "isLast": true,
  "docsSidebars": {
    "tutorialSidebar": [
      {
        "type": "link",
        "label": "Uvod",
        "href": "/docs/intro",
        "docId": "intro"
      },
      {
        "type": "link",
        "label": "Razvoj",
        "href": "/docs/razvoj",
        "docId": "razvoj"
      },
      {
        "type": "category",
        "label": "Upravljanje z miško/tipkovnico",
        "collapsible": true,
        "collapsed": true,
        "items": [
          {
            "type": "link",
            "label": "Premik miške",
            "href": "/docs/tutorial-basics/create-a-page",
            "docId": "tutorial-basics/create-a-page"
          },
          {
            "type": "link",
            "label": "Pritisk tipk miške",
            "href": "/docs/tutorial-basics/create-a-document",
            "docId": "tutorial-basics/create-a-document"
          },
          {
            "type": "link",
            "label": "3x3 mreža",
            "href": "/docs/tutorial-basics/create-a-blog-post",
            "docId": "tutorial-basics/create-a-blog-post"
          },
          {
            "type": "link",
            "label": "Injekcije tipk tipkovnice",
            "href": "/docs/tutorial-basics/markdown-features",
            "docId": "tutorial-basics/markdown-features"
          },
          {
            "type": "link",
            "label": "Prepoznavanje glasu",
            "href": "/docs/tutorial-basics/deploy-your-site",
            "docId": "tutorial-basics/deploy-your-site"
          },
          {
            "type": "link",
            "label": "Uporabniški vmesnik",
            "href": "/docs/tutorial-basics/congratulations",
            "docId": "tutorial-basics/congratulations"
          }
        ],
        "href": "/docs/category/upravljanje-z-miškotipkovnico"
      },
      {
        "type": "link",
        "label": "Multithreading",
        "href": "/docs/multithreading",
        "docId": "multithreading"
      },
      {
        "type": "category",
        "label": "Ukazi GUGOL-a",
        "collapsible": true,
        "collapsed": true,
        "items": [
          {
            "type": "link",
            "label": "Osnovni ukazi",
            "href": "/docs/tutorial-extras/manage-docs-versions",
            "docId": "tutorial-extras/manage-docs-versions"
          },
          {
            "type": "link",
            "label": "Napredni ukazi",
            "href": "/docs/tutorial-extras/translate-your-site",
            "docId": "tutorial-extras/translate-your-site"
          }
        ],
        "href": "/docs/category/ukazi-gugol-a"
      }
    ]
  },
  "docs": {
    "intro": {
      "id": "intro",
      "title": "Uvod",
      "description": "",
      "sidebar": "tutorialSidebar"
    },
    "multithreading": {
      "id": "multithreading",
      "title": "Multithreading",
      "description": "GUGOL je večnitna aplikacija in ima več procesov, ki morajo med",
      "sidebar": "tutorialSidebar"
    },
    "razvoj": {
      "id": "razvoj",
      "title": "Razvoj",
      "description": "Za vzpostavitev razvojnega okolja smo uporabili orodje Anaconda//docs.anaconda.com/anaconda/install/index.html.",
      "sidebar": "tutorialSidebar"
    },
    "tutorial-basics/congratulations": {
      "id": "tutorial-basics/congratulations",
      "title": "Uporabniški vmesnik",
      "description": "Uporabniški vmesnik je za projekt precej enostaven saj zahteva, da uporabniku ni v napoti.",
      "sidebar": "tutorialSidebar"
    },
    "tutorial-basics/create-a-blog-post": {
      "id": "tutorial-basics/create-a-blog-post",
      "title": "3x3 mreža",
      "description": "Za lažje premikanje miške po zaslona pa bi uporabili mrežo, ki jo bomo prikazali s pomočjo knjižnice PyQt. S tej knjižnici ustvarimo okno in prikažemo mrežo, ki si jo bomo ogledali v podpoglavju Implementacija 3x3 mreže.",
      "sidebar": "tutorialSidebar"
    },
    "tutorial-basics/create-a-document": {
      "id": "tutorial-basics/create-a-document",
      "title": "Pritisk tipk miške",
      "description": "Enako kot pri poglavju Premik miške smo tudi pri pritisku tikp miške uporabili knjižnico Pynput. Spodaj imamo primere za:",
      "sidebar": "tutorialSidebar"
    },
    "tutorial-basics/create-a-page": {
      "id": "tutorial-basics/create-a-page",
      "title": "Premik miške",
      "description": "Za implementacijo premikov miške smo uporabili knjižnico Pynput. Spodaj so prikazani primeri za:",
      "sidebar": "tutorialSidebar"
    },
    "tutorial-basics/deploy-your-site": {
      "id": "tutorial-basics/deploy-your-site",
      "title": "Prepoznavanje glasu",
      "description": "PLACEHOLDER",
      "sidebar": "tutorialSidebar"
    },
    "tutorial-basics/markdown-features": {
      "id": "tutorial-basics/markdown-features",
      "title": "Injekcije tipk tipkovnice",
      "description": "Za injekcijo tipk tipkovnice smo uporabili knjižnico Pynput. S pomočjo pynput.keyboard.Controller smo simuliranje pritiske tipk na tipkovnici ter z pynput.keyboard.Listener smo te pritiske lahko tudi nadzorovali. Primeri teh dveh imamo prikazane spodaj.",
      "sidebar": "tutorialSidebar"
    },
    "tutorial-extras/manage-docs-versions": {
      "id": "tutorial-extras/manage-docs-versions",
      "title": "Osnovni ukazi",
      "description": "GUGOL podpira precej ukazom za katere ves čas posluša.",
      "sidebar": "tutorialSidebar"
    },
    "tutorial-extras/translate-your-site": {
      "id": "tutorial-extras/translate-your-site",
      "title": "Napredni ukazi",
      "description": "PLACEHOLDER",
      "sidebar": "tutorialSidebar"
    }
  }
}