{
  "blogPosts": [
    {
      "id": "long-blog-post",
      "metadata": {
        "permalink": "/blog/long-blog-post",
        "source": "@site/blog/2022-10-05-long-blog-post.md",
        "title": "Različica 1.1.2",
        "description": "",
        "date": "2022-10-05T00:00:00.000Z",
        "formattedDate": "October 5, 2022",
        "tags": [],
        "hasTruncateMarker": false,
        "authors": [],
        "frontMatter": {
          "slug": "long-blog-post",
          "title": "Različica 1.1.2"
        },
        "nextItem": {
          "title": "Različica 1.1.0",
          "permalink": "/blog/mdx-blog-post"
        }
      },
      "content": "```\n+ Sprememba barv uporabniškega vmesnika.\n+ Posodobitev knjižnice - 'Pynput'.\n- Odstranitev ukaza - 'ugasni računalnik'.\n```"
    },
    {
      "id": "mdx-blog-post",
      "metadata": {
        "permalink": "/blog/mdx-blog-post",
        "source": "@site/blog/2022-09-19-mdx-blog-post.md",
        "title": "Različica 1.1.0",
        "description": "",
        "date": "2022-09-19T00:00:00.000Z",
        "formattedDate": "September 19, 2022",
        "tags": [],
        "hasTruncateMarker": false,
        "authors": [],
        "frontMatter": {
          "slug": "mdx-blog-post",
          "title": "Različica 1.1.0"
        },
        "prevItem": {
          "title": "Različica 1.1.2",
          "permalink": "/blog/long-blog-post"
        },
        "nextItem": {
          "title": "Različica 1.0.5",
          "permalink": "/blog/first-blog-post"
        }
      },
      "content": "```\n+ Podpora za Linux.\n+ Posodobitev ukazov za miško.\n+ Več opcij za število celic mreže.\n```"
    },
    {
      "id": "first-blog-post",
      "metadata": {
        "permalink": "/blog/first-blog-post",
        "source": "@site/blog/2022-08-28-first-blog-post.md",
        "title": "Različica 1.0.5",
        "description": "",
        "date": "2022-08-28T00:00:00.000Z",
        "formattedDate": "August 28, 2022",
        "tags": [],
        "hasTruncateMarker": false,
        "authors": [],
        "frontMatter": {
          "slug": "first-blog-post",
          "title": "Različica 1.0.5"
        },
        "prevItem": {
          "title": "Različica 1.1.0",
          "permalink": "/blog/mdx-blog-post"
        },
        "nextItem": {
          "title": "Različica 1.0.0",
          "permalink": "/blog/welcome"
        }
      },
      "content": "```\n+ Podpora za iOS.\n+ Popravek prikazovanja okvirjev elementov.\n+ Posodobitev knjižnice PyQt na različico 5.3.\n- Odstranjevanje opcije za belo barvo okvirjev.\n```"
    },
    {
      "id": "welcome",
      "metadata": {
        "permalink": "/blog/welcome",
        "source": "@site/blog/welcome/2022-08-13-index.md",
        "title": "Različica 1.0.0",
        "description": "",
        "date": "2022-08-13T00:00:00.000Z",
        "formattedDate": "August 13, 2022",
        "tags": [],
        "hasTruncateMarker": false,
        "authors": [],
        "frontMatter": {
          "slug": "welcome",
          "title": "Različica 1.0.0"
        },
        "prevItem": {
          "title": "Različica 1.0.5",
          "permalink": "/blog/first-blog-post"
        }
      },
      "content": "```\n+ Ustvarjanje projekta\n```"
    }
  ]
}