{
  "permalink": "/blog/mdx-blog-post",
  "source": "@site/blog/2022-09-19-mdx-blog-post.md",
  "title": "Različica 1.1.0",
  "description": "",
  "date": "2022-09-19T00:00:00.000Z",
  "formattedDate": "September 19, 2022",
  "tags": [],
  "hasTruncateMarker": false,
  "authors": [],
  "frontMatter": {
    "slug": "mdx-blog-post",
    "title": "Različica 1.1.0"
  },
  "prevItem": {
    "title": "Različica 1.1.2",
    "permalink": "/blog/long-blog-post"
  },
  "nextItem": {
    "title": "Različica 1.0.5",
    "permalink": "/blog/first-blog-post"
  }
}