{
  "permalink": "/blog/first-blog-post",
  "source": "@site/blog/2022-08-28-first-blog-post.md",
  "title": "Različica 1.0.5",
  "description": "",
  "date": "2022-08-28T00:00:00.000Z",
  "formattedDate": "August 28, 2022",
  "tags": [],
  "hasTruncateMarker": false,
  "authors": [],
  "frontMatter": {
    "slug": "first-blog-post",
    "title": "Različica 1.0.5"
  },
  "prevItem": {
    "title": "Različica 1.1.0",
    "permalink": "/blog/mdx-blog-post"
  },
  "nextItem": {
    "title": "Različica 1.0.0",
    "permalink": "/blog/welcome"
  }
}