{
  "permalink": "/blog/long-blog-post",
  "source": "@site/blog/2019-05-29-long-blog-post.md",
  "title": "Long Blog Post",
  "description": "Lorem ipsum dolor sit amet, consectetur adipiscing elit. Pellentesque elementum dignissim ultricies. Fusce rhoncus ipsum tempor eros aliquam consequat. Lorem ipsum dolor sit amet",
  "date": "2019-05-29T00:00:00.000Z",
  "formattedDate": "May 29, 2019",
  "tags": [],
  "hasTruncateMarker": false,
  "authors": [],
  "frontMatter": {
    "slug": "long-blog-post",
    "title": "Long Blog Post"
  },
  "prevItem": {
    "title": "Welcome",
    "permalink": "/blog/welcome"
  }
}