{
  "permalink": "/blog/mdx-blog-post",
  "source": "@site/blog/2021-08-01-mdx-blog-post.md",
  "title": "MDX Blog Post",
  "description": "Lorem ipsum dolor sit amet, consectetur adipiscing elit. Pellentesque elementum dignissim ultricies. Fusce rhoncus ipsum tempor eros aliquam consequat. Lorem ipsum dolor sit amet",
  "date": "2021-08-01T00:00:00.000Z",
  "formattedDate": "August 1, 2021",
  "tags": [],
  "hasTruncateMarker": false,
  "authors": [],
  "frontMatter": {
    "slug": "mdx-blog-post",
    "title": "MDX Blog Post"
  },
  "prevItem": {
    "title": "Welcome",
    "permalink": "/blog/welcome"
  },
  "nextItem": {
    "title": "Long Blog Post",
    "permalink": "/blog/long-blog-post"
  }
}