{
  "permalink": "/blog/first-blog-post",
  "source": "@site/blog/2019-05-28-first-blog-post.md",
  "title": "First Blog Post",
  "description": "Lorem ipsum dolor sit amet, consectetur adipiscing elit. Pellentesque elementum dignissim ultricies. Fusce rhoncus ipsum tempor eros aliquam consequat. Lorem ipsum dolor sit amet",
  "date": "2019-05-28T00:00:00.000Z",
  "formattedDate": "May 28, 2019",
  "tags": [],
  "hasTruncateMarker": false,
  "authors": [],
  "frontMatter": {
    "slug": "first-blog-post",
    "title": "First Blog Post"
  },
  "prevItem": {
    "title": "Long Blog Post",
    "permalink": "/blog/long-blog-post"
  }
}