{
  "/__docusaurus/debug-350": {
    "__comp": "__comp---theme-debug-config-23-a-2ff",
    "__context": {
      "plugin": "plugin---docusaurus-debug-7-a-7-b6b"
    }
  },
  "/__docusaurus/debug/config-fef": {
    "__comp": "__comp---theme-debug-config-23-a-2ff",
    "__context": {
      "plugin": "plugin---docusaurus-debug-7-a-7-b6b"
    }
  },
  "/__docusaurus/debug/content-89d": {
    "__comp": "__comp---theme-debug-contentba-8-ce7",
    "__context": {
      "plugin": "plugin---docusaurus-debug-7-a-7-b6b"
    },
    "allContent": "allContent---docusaurus-debug-content-246-9aa"
  },
  "/__docusaurus/debug/globalData-76e": {
    "__comp": "__comp---theme-debug-global-dataede-0fa",
    "__context": {
      "plugin": "plugin---docusaurus-debug-7-a-7-b6b"
    }
  },
  "/__docusaurus/debug/metadata-d56": {
    "__comp": "__comp---theme-debug-site-metadata-68-e-3d4",
    "__context": {
      "plugin": "plugin---docusaurus-debug-7-a-7-b6b"
    }
  },
  "/__docusaurus/debug/registry-f3b": {
    "__comp": "__comp---theme-debug-registry-679-501",
    "__context": {
      "plugin": "plugin---docusaurus-debug-7-a-7-b6b"
    }
  },
  "/__docusaurus/debug/routes-fdc": {
    "__comp": "__comp---theme-debug-routes-946-699",
    "__context": {
      "plugin": "plugin---docusaurus-debug-7-a-7-b6b"
    }
  },
  "/blog-a32": {
    "__comp": "__comp---theme-blog-list-pagea-6-a-7ba",
    "__context": {
      "plugin": "plugin---blog-165-6f3"
    },
    "sidebar": "sidebar---blog-814-8ac",
    "items": [
      {
        "content": "content---bloga-01-810"
      },
      {
        "content": "content---bloga-5-b-27e"
      },
      {
        "content": "content---blogfe-2-91e"
      },
      {
        "content": "content---blog-00-e-85d"
      }
    ],
    "metadata": "metadata---blogb-2-b-df1"
  },
  "/blog/archive-09d": {
    "__comp": "__comp---theme-blog-archive-page-9-e-4-1d8",
    "__context": {
      "plugin": "plugin---blog-165-6f3"
    },
    "archive": "archive---blog-archiveb-2-f-393"
  },
  "/blog/first-blog-post-b5e": {
    "__comp": "__comp---theme-blog-post-pageccc-cab",
    "__context": {
      "plugin": "plugin---blog-165-6f3"
    },
    "sidebar": "sidebar---blog-814-8ac",
    "content": "content---blog-first-blog-posta-3-f-7a0"
  },
  "/blog/long-blog-post-5c2": {
    "__comp": "__comp---theme-blog-post-pageccc-cab",
    "__context": {
      "plugin": "plugin---blog-165-6f3"
    },
    "sidebar": "sidebar---blog-814-8ac",
    "content": "content---blog-long-blog-post-4-e-4-e64"
  },
  "/blog/mdx-blog-post-3c1": {
    "__comp": "__comp---theme-blog-post-pageccc-cab",
    "__context": {
      "plugin": "plugin---blog-165-6f3"
    },
    "sidebar": "sidebar---blog-814-8ac",
    "content": "content---blog-mdx-blog-post-583-ecb"
  },
  "/blog/welcome-751": {
    "__comp": "__comp---theme-blog-post-pageccc-cab",
    "__context": {
      "plugin": "plugin---blog-165-6f3"
    },
    "sidebar": "sidebar---blog-814-8ac",
    "content": "content---blog-welcome-5-fa-e78"
  },
  "/markdown-page-8f1": {
    "__comp": "__comp---theme-mdx-page-1-f-3-b90",
    "__context": {
      "plugin": "plugin---markdown-page-7-bc-84d"
    },
    "content": "content---markdown-page-393-028"
  },
  "/docs-a2c": {
    "__comp": "__comp---theme-doc-page-1-be-9be",
    "__context": {
      "plugin": "plugin---docs-305-a61"
    },
    "versionMetadata": "versionMetadata---docs-935-398"
  },
  "/docs/category/ukazi-gugol-a-ab2": {
    "__comp": "__comp---theme-doc-category-generated-index-page-14-e-640",
    "categoryGeneratedIndex": "categoryGeneratedIndex---docs-category-ukazi-gugol-af-39-6fe"
  },
  "/docs/category/upravljanje-z-miškotipkovnico-b36": {
    "__comp": "__comp---theme-doc-category-generated-index-page-14-e-640",
    "categoryGeneratedIndex": "categoryGeneratedIndex---docs-category-upravljanje-z-miskotipkovnicofce-1ee"
  },
  "/docs/intro-aed": {
    "__comp": "__comp---theme-doc-item-178-a40",
    "content": "content---docs-intro-0-e-3-be1"
  },
  "/docs/multithreading-1bc": {
    "__comp": "__comp---theme-doc-item-178-a40",
    "content": "content---docs-multithreadinge-9-d-22a"
  },
  "/docs/razvoj-171": {
    "__comp": "__comp---theme-doc-item-178-a40",
    "content": "content---docs-razvojcfb-944"
  },
  "/docs/tutorial-basics/congratulations-793": {
    "__comp": "__comp---theme-doc-item-178-a40",
    "content": "content---docs-tutorial-basics-congratulations-822-958"
  },
  "/docs/tutorial-basics/create-a-blog-post-68e": {
    "__comp": "__comp---theme-doc-item-178-a40",
    "content": "content---docs-tutorial-basics-create-a-blog-post-533-e85"
  },
  "/docs/tutorial-basics/create-a-document-c2d": {
    "__comp": "__comp---theme-doc-item-178-a40",
    "content": "content---docs-tutorial-basics-create-a-document-1-e-4-078"
  },
  "/docs/tutorial-basics/create-a-page-f44": {
    "__comp": "__comp---theme-doc-item-178-a40",
    "content": "content---docs-tutorial-basics-create-a-page-5-c-8-e19"
  },
  "/docs/tutorial-basics/deploy-your-site-e46": {
    "__comp": "__comp---theme-doc-item-178-a40",
    "content": "content---docs-tutorial-basics-deploy-your-sitef-55-a3f"
  },
  "/docs/tutorial-basics/markdown-features-336": {
    "__comp": "__comp---theme-doc-item-178-a40",
    "content": "content---docs-tutorial-basics-markdown-features-104-4cc"
  },
  "/docs/tutorial-extras/manage-docs-versions-fdd": {
    "__comp": "__comp---theme-doc-item-178-a40",
    "content": "content---docs-tutorial-extras-manage-docs-versionsdff-6d4"
  },
  "/docs/tutorial-extras/translate-your-site-2d7": {
    "__comp": "__comp---theme-doc-item-178-a40",
    "content": "content---docs-tutorial-extras-translate-your-sitee-44-ddf"
  },
  "/-e2c": {
    "__comp": "__comp---site-src-pages-index-jsc-4-f-f99",
    "__context": {
      "plugin": "plugin---markdown-page-7-bc-84d"
    },
    "config": "config---5-e-9-4f3"
  }
}