{
  "docusaurus-plugin-content-docs": {
    "default": {
      "loadedVersions": [
        {
          "versionName": "current",
          "label": "Next",
          "banner": null,
          "badge": false,
          "noIndex": false,
          "className": "docs-version-current",
          "path": "/docs",
          "tagsPath": "/docs/tags",
          "isLast": true,
          "routePriority": -1,
          "sidebarFilePath": "C:\\Users\\EVALD\\OneDrive\\Desktop\\RUPS\\Vaje\\Vaja 3\\gugol\\sidebars.js",
          "contentPath": "C:\\Users\\EVALD\\OneDrive\\Desktop\\RUPS\\Vaje\\Vaja 3\\gugol\\docs",
          "contentPathLocalized": "C:\\Users\\EVALD\\OneDrive\\Desktop\\RUPS\\Vaje\\Vaja 3\\gugol\\i18n\\en\\docusaurus-plugin-content-docs\\current",
          "docs": [
            {
              "unversionedId": "intro",
              "id": "intro",
              "title": "Uvod",
              "description": "",
              "source": "@site/docs/intro.md",
              "sourceDirName": ".",
              "slug": "/intro",
              "permalink": "/docs/intro",
              "draft": false,
              "tags": [],
              "version": "current",
              "sidebarPosition": 1,
              "frontMatter": {
                "sidebar_position": 1
              },
              "sidebar": "tutorialSidebar",
              "next": {
                "title": "Razvoj",
                "permalink": "/docs/razvoj"
              }
            },
            {
              "unversionedId": "multithreading",
              "id": "multithreading",
              "title": "Multithreading",
              "description": "GUGOL je večnitna aplikacija in ima več procesov, ki morajo med",
              "source": "@site/docs/multithreading.md",
              "sourceDirName": ".",
              "slug": "/multithreading",
              "permalink": "/docs/multithreading",
              "draft": false,
              "tags": [],
              "version": "current",
              "sidebarPosition": 4,
              "frontMatter": {
                "sidebar_position": 4
              },
              "sidebar": "tutorialSidebar",
              "previous": {
                "title": "Uporabniški vmesnik",
                "permalink": "/docs/tutorial-basics/congratulations"
              },
              "next": {
                "title": "Ukazi GUGOL-a",
                "permalink": "/docs/category/ukazi-gugol-a"
              }
            },
            {
              "unversionedId": "razvoj",
              "id": "razvoj",
              "title": "Razvoj",
              "description": "Za vzpostavitev razvojnega okolja smo uporabili orodje Anaconda//docs.anaconda.com/anaconda/install/index.html.",
              "source": "@site/docs/razvoj.md",
              "sourceDirName": ".",
              "slug": "/razvoj",
              "permalink": "/docs/razvoj",
              "draft": false,
              "tags": [],
              "version": "current",
              "sidebarPosition": 2,
              "frontMatter": {
                "sidebar_position": 2
              },
              "sidebar": "tutorialSidebar",
              "previous": {
                "title": "Uvod",
                "permalink": "/docs/intro"
              },
              "next": {
                "title": "Upravljanje z miško/tipkovnico",
                "permalink": "/docs/category/upravljanje-z-miškotipkovnico"
              }
            },
            {
              "unversionedId": "tutorial-basics/congratulations",
              "id": "tutorial-basics/congratulations",
              "title": "Uporabniški vmesnik",
              "description": "Uporabniški vmesnik je za projekt precej enostaven saj zahteva, da uporabniku ni v napoti.",
              "source": "@site/docs/tutorial-basics/congratulations.md",
              "sourceDirName": "tutorial-basics",
              "slug": "/tutorial-basics/congratulations",
              "permalink": "/docs/tutorial-basics/congratulations",
              "draft": false,
              "tags": [],
              "version": "current",
              "sidebarPosition": 6,
              "frontMatter": {
                "sidebar_position": 6
              },
              "sidebar": "tutorialSidebar",
              "previous": {
                "title": "Prepoznavanje glasu",
                "permalink": "/docs/tutorial-basics/deploy-your-site"
              },
              "next": {
                "title": "Multithreading",
                "permalink": "/docs/multithreading"
              }
            },
            {
              "unversionedId": "tutorial-basics/create-a-blog-post",
              "id": "tutorial-basics/create-a-blog-post",
              "title": "3x3 mreža",
              "description": "Za lažje premikanje miške po zaslona pa bi uporabili mrežo, ki jo bomo prikazali s pomočjo knjižnice PyQt. S tej knjižnici ustvarimo okno in prikažemo mrežo, ki si jo bomo ogledali v podpoglavju Implementacija 3x3 mreže.",
              "source": "@site/docs/tutorial-basics/create-a-blog-post.md",
              "sourceDirName": "tutorial-basics",
              "slug": "/tutorial-basics/create-a-blog-post",
              "permalink": "/docs/tutorial-basics/create-a-blog-post",
              "draft": false,
              "tags": [],
              "version": "current",
              "sidebarPosition": 3,
              "frontMatter": {
                "sidebar_position": 3
              },
              "sidebar": "tutorialSidebar",
              "previous": {
                "title": "Pritisk tipk miške",
                "permalink": "/docs/tutorial-basics/create-a-document"
              },
              "next": {
                "title": "Injekcije tipk tipkovnice",
                "permalink": "/docs/tutorial-basics/markdown-features"
              }
            },
            {
              "unversionedId": "tutorial-basics/create-a-document",
              "id": "tutorial-basics/create-a-document",
              "title": "Pritisk tipk miške",
              "description": "Enako kot pri poglavju Premik miške smo tudi pri pritisku tikp miške uporabili knjižnico Pynput. Spodaj imamo primere za:",
              "source": "@site/docs/tutorial-basics/create-a-document.md",
              "sourceDirName": "tutorial-basics",
              "slug": "/tutorial-basics/create-a-document",
              "permalink": "/docs/tutorial-basics/create-a-document",
              "draft": false,
              "tags": [],
              "version": "current",
              "sidebarPosition": 2,
              "frontMatter": {
                "sidebar_position": 2
              },
              "sidebar": "tutorialSidebar",
              "previous": {
                "title": "Premik miške",
                "permalink": "/docs/tutorial-basics/create-a-page"
              },
              "next": {
                "title": "3x3 mreža",
                "permalink": "/docs/tutorial-basics/create-a-blog-post"
              }
            },
            {
              "unversionedId": "tutorial-basics/create-a-page",
              "id": "tutorial-basics/create-a-page",
              "title": "Premik miške",
              "description": "Za implementacijo premikov miške smo uporabili knjižnico Pynput. Spodaj so prikazani primeri za:",
              "source": "@site/docs/tutorial-basics/create-a-page.md",
              "sourceDirName": "tutorial-basics",
              "slug": "/tutorial-basics/create-a-page",
              "permalink": "/docs/tutorial-basics/create-a-page",
              "draft": false,
              "tags": [],
              "version": "current",
              "sidebarPosition": 1,
              "frontMatter": {
                "sidebar_position": 1
              },
              "sidebar": "tutorialSidebar",
              "previous": {
                "title": "Upravljanje z miško/tipkovnico",
                "permalink": "/docs/category/upravljanje-z-miškotipkovnico"
              },
              "next": {
                "title": "Pritisk tipk miške",
                "permalink": "/docs/tutorial-basics/create-a-document"
              }
            },
            {
              "unversionedId": "tutorial-basics/deploy-your-site",
              "id": "tutorial-basics/deploy-your-site",
              "title": "Prepoznavanje glasu",
              "description": "PLACEHOLDER",
              "source": "@site/docs/tutorial-basics/deploy-your-site.md",
              "sourceDirName": "tutorial-basics",
              "slug": "/tutorial-basics/deploy-your-site",
              "permalink": "/docs/tutorial-basics/deploy-your-site",
              "draft": false,
              "tags": [],
              "version": "current",
              "sidebarPosition": 5,
              "frontMatter": {
                "sidebar_position": 5
              },
              "sidebar": "tutorialSidebar",
              "previous": {
                "title": "Injekcije tipk tipkovnice",
                "permalink": "/docs/tutorial-basics/markdown-features"
              },
              "next": {
                "title": "Uporabniški vmesnik",
                "permalink": "/docs/tutorial-basics/congratulations"
              }
            },
            {
              "unversionedId": "tutorial-basics/markdown-features",
              "id": "tutorial-basics/markdown-features",
              "title": "Injekcije tipk tipkovnice",
              "description": "Za injekcijo tipk tipkovnice smo uporabili knjižnico Pynput. S pomočjo pynput.keyboard.Controller smo simuliranje pritiske tipk na tipkovnici ter z pynput.keyboard.Listener smo te pritiske lahko tudi nadzorovali. Primeri teh dveh imamo prikazane spodaj.",
              "source": "@site/docs/tutorial-basics/markdown-features.md",
              "sourceDirName": "tutorial-basics",
              "slug": "/tutorial-basics/markdown-features",
              "permalink": "/docs/tutorial-basics/markdown-features",
              "draft": false,
              "tags": [],
              "version": "current",
              "sidebarPosition": 4,
              "frontMatter": {
                "sidebar_position": 4
              },
              "sidebar": "tutorialSidebar",
              "previous": {
                "title": "3x3 mreža",
                "permalink": "/docs/tutorial-basics/create-a-blog-post"
              },
              "next": {
                "title": "Prepoznavanje glasu",
                "permalink": "/docs/tutorial-basics/deploy-your-site"
              }
            },
            {
              "unversionedId": "tutorial-extras/manage-docs-versions",
              "id": "tutorial-extras/manage-docs-versions",
              "title": "Osnovni ukazi",
              "description": "GUGOL podpira precej ukazom za katere ves čas posluša.",
              "source": "@site/docs/tutorial-extras/manage-docs-versions.md",
              "sourceDirName": "tutorial-extras",
              "slug": "/tutorial-extras/manage-docs-versions",
              "permalink": "/docs/tutorial-extras/manage-docs-versions",
              "draft": false,
              "tags": [],
              "version": "current",
              "sidebarPosition": 1,
              "frontMatter": {
                "sidebar_position": 1
              },
              "sidebar": "tutorialSidebar",
              "previous": {
                "title": "Ukazi GUGOL-a",
                "permalink": "/docs/category/ukazi-gugol-a"
              },
              "next": {
                "title": "Napredni ukazi",
                "permalink": "/docs/tutorial-extras/translate-your-site"
              }
            },
            {
              "unversionedId": "tutorial-extras/translate-your-site",
              "id": "tutorial-extras/translate-your-site",
              "title": "Napredni ukazi",
              "description": "PLACEHOLDER",
              "source": "@site/docs/tutorial-extras/translate-your-site.md",
              "sourceDirName": "tutorial-extras",
              "slug": "/tutorial-extras/translate-your-site",
              "permalink": "/docs/tutorial-extras/translate-your-site",
              "draft": false,
              "tags": [],
              "version": "current",
              "sidebarPosition": 2,
              "frontMatter": {
                "sidebar_position": 2
              },
              "sidebar": "tutorialSidebar",
              "previous": {
                "title": "Osnovni ukazi",
                "permalink": "/docs/tutorial-extras/manage-docs-versions"
              }
            }
          ],
          "drafts": [],
          "sidebars": {
            "tutorialSidebar": [
              {
                "type": "doc",
                "id": "intro"
              },
              {
                "type": "doc",
                "id": "razvoj"
              },
              {
                "type": "category",
                "label": "Upravljanje z miško/tipkovnico",
                "collapsible": true,
                "collapsed": true,
                "items": [
                  {
                    "type": "doc",
                    "id": "tutorial-basics/create-a-page"
                  },
                  {
                    "type": "doc",
                    "id": "tutorial-basics/create-a-document"
                  },
                  {
                    "type": "doc",
                    "id": "tutorial-basics/create-a-blog-post"
                  },
                  {
                    "type": "doc",
                    "id": "tutorial-basics/markdown-features"
                  },
                  {
                    "type": "doc",
                    "id": "tutorial-basics/deploy-your-site"
                  },
                  {
                    "type": "doc",
                    "id": "tutorial-basics/congratulations"
                  }
                ],
                "link": {
                  "type": "generated-index",
                  "description": "V nadaljevanje si bomo ogledali naslednja podpoglavja:",
                  "slug": "/category/upravljanje-z-miškotipkovnico",
                  "permalink": "/docs/category/upravljanje-z-miškotipkovnico"
                }
              },
              {
                "type": "doc",
                "id": "multithreading"
              },
              {
                "type": "category",
                "label": "Ukazi GUGOL-a",
                "collapsible": true,
                "collapsed": true,
                "items": [
                  {
                    "type": "doc",
                    "id": "tutorial-extras/manage-docs-versions"
                  },
                  {
                    "type": "doc",
                    "id": "tutorial-extras/translate-your-site"
                  }
                ],
                "link": {
                  "type": "generated-index",
                  "slug": "/category/ukazi-gugol-a",
                  "permalink": "/docs/category/ukazi-gugol-a"
                }
              }
            ]
          }
        }
      ]
    }
  },
  "docusaurus-plugin-content-blog": {
    "default": {
      "blogSidebarTitle": "Recent posts",
      "blogPosts": [
        {
          "id": "long-blog-post",
          "metadata": {
            "permalink": "/blog/long-blog-post",
            "source": "@site/blog/2022-10-05-long-blog-post.md",
            "title": "Različica 1.1.2",
            "description": "",
            "date": "2022-10-05T00:00:00.000Z",
            "formattedDate": "October 5, 2022",
            "tags": [],
            "hasTruncateMarker": false,
            "authors": [],
            "frontMatter": {
              "slug": "long-blog-post",
              "title": "Različica 1.1.2"
            },
            "nextItem": {
              "title": "Različica 1.1.0",
              "permalink": "/blog/mdx-blog-post"
            }
          },
          "content": "```\n+ Sprememba barv uporabniškega vmesnika.\n+ Posodobitev knjižnice - 'Pynput'.\n- Odstranitev ukaza - 'ugasni računalnik'.\n```"
        },
        {
          "id": "mdx-blog-post",
          "metadata": {
            "permalink": "/blog/mdx-blog-post",
            "source": "@site/blog/2022-09-19-mdx-blog-post.md",
            "title": "Različica 1.1.0",
            "description": "",
            "date": "2022-09-19T00:00:00.000Z",
            "formattedDate": "September 19, 2022",
            "tags": [],
            "hasTruncateMarker": false,
            "authors": [],
            "frontMatter": {
              "slug": "mdx-blog-post",
              "title": "Različica 1.1.0"
            },
            "prevItem": {
              "title": "Različica 1.1.2",
              "permalink": "/blog/long-blog-post"
            },
            "nextItem": {
              "title": "Različica 1.0.5",
              "permalink": "/blog/first-blog-post"
            }
          },
          "content": "```\n+ Podpora za Linux.\n+ Posodobitev ukazov za miško.\n+ Več opcij za število celic mreže.\n```"
        },
        {
          "id": "first-blog-post",
          "metadata": {
            "permalink": "/blog/first-blog-post",
            "source": "@site/blog/2022-08-28-first-blog-post.md",
            "title": "Različica 1.0.5",
            "description": "",
            "date": "2022-08-28T00:00:00.000Z",
            "formattedDate": "August 28, 2022",
            "tags": [],
            "hasTruncateMarker": false,
            "authors": [],
            "frontMatter": {
              "slug": "first-blog-post",
              "title": "Različica 1.0.5"
            },
            "prevItem": {
              "title": "Različica 1.1.0",
              "permalink": "/blog/mdx-blog-post"
            },
            "nextItem": {
              "title": "Različica 1.0.0",
              "permalink": "/blog/welcome"
            }
          },
          "content": "```\n+ Podpora za iOS.\n+ Popravek prikazovanja okvirjev elementov.\n+ Posodobitev knjižnice PyQt na različico 5.3.\n- Odstranjevanje opcije za belo barvo okvirjev.\n```"
        },
        {
          "id": "welcome",
          "metadata": {
            "permalink": "/blog/welcome",
            "source": "@site/blog/welcome/2022-08-13-index.md",
            "title": "Različica 1.0.0",
            "description": "",
            "date": "2022-08-13T00:00:00.000Z",
            "formattedDate": "August 13, 2022",
            "tags": [],
            "hasTruncateMarker": false,
            "authors": [],
            "frontMatter": {
              "slug": "welcome",
              "title": "Različica 1.0.0"
            },
            "prevItem": {
              "title": "Različica 1.0.5",
              "permalink": "/blog/first-blog-post"
            }
          },
          "content": "```\n+ Ustvarjanje projekta\n```"
        }
      ],
      "blogListPaginated": [
        {
          "items": [
            "long-blog-post",
            "mdx-blog-post",
            "first-blog-post",
            "welcome"
          ],
          "metadata": {
            "permalink": "/blog",
            "page": 1,
            "postsPerPage": 10,
            "totalPages": 1,
            "totalCount": 4,
            "blogDescription": "Blog",
            "blogTitle": "Blog"
          }
        }
      ],
      "blogTags": {},
      "blogTagsListPath": "/blog/tags"
    }
  },
  "docusaurus-plugin-content-pages": {
    "default": [
      {
        "type": "jsx",
        "permalink": "/",
        "source": "@site/src/pages/index.js"
      },
      {
        "type": "mdx",
        "permalink": "/markdown-page",
        "source": "@site/src/pages/markdown-page.md",
        "title": "Markdown page example",
        "description": "You don't need React to write simple standalone pages.",
        "frontMatter": {
          "title": "Markdown page example"
        }
      }
    ]
  },
  "docusaurus-plugin-debug": {},
  "docusaurus-theme-classic": {},
  "docusaurus-bootstrap-plugin": {},
  "docusaurus-mdx-fallback-plugin": {}
}